,round_epochs,val_loss,val_acc,loss,acc,activation,batch_size,dropout,epochs,first_neuron,hidden_layers,kernel_initializer,last_activation,losses,lr,optimizer,
0,40,0.1953533320892148,0.9219512343406677,0.32208918152177857,0.8909853100776672,elu,30,0.1,40,20,2,uniform,sigmoid,binary_crossentropy,1,<class 'keras.optimizers.Adam'>,0
1,40,0.2905365686591079,0.9170731902122498,0.4141024144940406,0.8721174001693726,elu,30,0.1,40,15,1,normal,sigmoid,binary_crossentropy,1,<class 'keras.optimizers.Adam'>,1
2,80,0.17935230773760052,0.9219512343406677,0.18593995529080523,0.9182389974594116,relu,10,0.0,80,15,0,normal,sigmoid,binary_crossentropy,1,<class 'keras.optimizers.Adam'>,2
3,80,0.2897061171328149,0.9170731902122498,0.3632665785103724,0.8763102889060974,elu,10,0.1,80,15,1,normal,sigmoid,binary_crossentropy,1,<class 'keras.optimizers.Nadam'>,3
4,40,0.2126506879562285,0.9170731902122498,0.2893828985045041,0.8742138147354126,relu,10,0.1,40,10,0,normal,sigmoid,binary_crossentropy,1,<class 'keras.optimizers.Nadam'>,4
5,40,0.2775685247488138,0.9219512343406677,0.3725045130625211,0.8763102889060974,elu,10,0.1,40,15,2,normal,sigmoid,binary_crossentropy,1,<class 'keras.optimizers.Nadam'>,5
6,40,0.21136233901105275,0.9170731902122498,0.33756739847690054,0.8763102889060974,elu,30,0.1,40,10,0,normal,sigmoid,binary_crossentropy,1,<class 'keras.optimizers.Nadam'>,6
7,40,0.2151373995513451,0.9121951460838318,0.34916555872128446,0.8805031180381775,elu,30,0.1,40,15,0,normal,sigmoid,binary_crossentropy,1,<class 'keras.optimizers.Nadam'>,7
8,40,0.2380973533159349,0.9365853667259216,0.25397310485629915,0.9098532199859619,elu,30,0.0,40,10,1,uniform,sigmoid,binary_crossentropy,1,<class 'keras.optimizers.Nadam'>,8
9,40,0.24990724853989554,0.9268292784690857,0.4264217645117322,0.9182389974594116,elu,30,0.0,40,15,1,normal,sigmoid,binary_crossentropy,1,<class 'keras.optimizers.Nadam'>,9
10,40,0.28978385031223297,0.9121951460838318,0.4008888728307478,0.8742138147354126,elu,10,0.1,40,20,0,normal,sigmoid,binary_crossentropy,1,<class 'keras.optimizers.Adam'>,10
11,80,0.2558455000199923,0.9024389982223511,0.28974627870558695,0.8888888955116272,elu,10,0.1,80,15,1,normal,sigmoid,binary_crossentropy,1,<class 'keras.optimizers.Adam'>,11
12,80,0.24059777906755123,0.9170731902122498,0.31740709492620434,0.8763102889060974,relu,30,0.1,80,20,1,normal,sigmoid,binary_crossentropy,1,<class 'keras.optimizers.Adam'>,12
13,80,0.37310137781428127,0.9121951460838318,0.307899706987215,0.8805031180381775,elu,10,0.1,80,15,0,normal,sigmoid,binary_crossentropy,1,<class 'keras.optimizers.Adam'>,13
14,40,0.12792723916652726,0.9512194991111755,0.19620121753065842,0.9182389974594116,relu,30,0.0,40,10,2,uniform,sigmoid,binary_crossentropy,1,<class 'keras.optimizers.Adam'>,14
